k04_page	notes_chapter	notes_section
1	-	-
2	00-intro	Περιεχόμενο του μαθήματος
3	00-intro	Περιεχόμενο του μαθήματος
4	00-intro	Εισαγωγικά θέματα
5	00-intro	Γενικά περί υπολογιστών
6	00-intro	Γενικά περί προγραμματισμού υπολογιστών
7	00-intro	Ιστορική αναδρομή
8	00-intro	Κάποια υπολογιστικά προβλήματα
9	00-intro	Πώς να μάθουμε να προγραμματίζουμε;
10	00-intro	Η δομή του υπολογιστή
11	00-intro	Η πληροφορία στον υπολογιστή
12	00-intro	Λογισμικό και γλώσσες προγραμματισμού
13	00-intro	Τι χρειαζόμαστε από μία γλώσσα προγραμματισμού;
14	00-intro	Τι χρειαζόμαστε από μία γλώσσα προγραμματισμού;
15	00-intro	Πώς κατασκευάζουμε εκτελέσιμο πρόγραμμα;
16	00-intro	Η διαδικασία της μεταγλώττισης και σύνδεσης
17	00-intro	Προγραμματιστικά περιβάλλοντα για την C
18	00-intro	Παραδείγματα χρήσης του gcc
19	01-first-programs	Η γλώσσα προγραμματισμού C
20	01-first-programs	Καλημέρα κόσμε της C
21	01-first-programs	Πόσο είναι το $\pi$;
22	01-first-programs	Πόσο είναι το $\pi$;
23	01-first-programs	Πόσο είναι το $\pi$;
24	01-first-programs	Πόσο είναι το $\pi$;
25	01-first-programs	Πότε είναι το Ορθόδοξο Πάσχα;
26	01-first-programs	Πότε είναι το Ορθόδοξο Πάσχα;
27	01-first-programs	Να κατασκευασθεί μαγικό τετράγωνο $5 \times 5$
28	01-first-programs	Να κατασκευασθεί μαγικό τετράγωνο $5 \times 5$
29	01-first-programs	Μετατροπή πεζών γραμμάτων σε κεφαλαία
30	01-first-programs	Μετατροπή πεζών γραμμάτων σε κεφαλαία
31	02-types-operators	Μεταβλητές, σταθερές, τύποι και δηλώσεις στην C
32	02-types-operators	Μεταβλητές, σταθερές, τύποι και δηλώσεις στην C
33	02-types-operators	Μεταβλητές, σταθερές, τύποι και δηλώσεις στην C
34	02-types-operators	Μεταβλητές, σταθερές, τύποι και δηλώσεις στην C
35	02-types-operators	Εντολές αντικατάστασης, τελεστές και παραστάσεις
36	02-types-operators	Εντολές αντικατάστασης, τελεστές και παραστάσεις
37	02-types-operators	Εντολές αντικατάστασης, τελεστές και παραστάσεις
38	02-types-operators	Εντολές αντικατάστασης, τελεστές και παραστάσεις
39	02-types-operators	Εντολές αντικατάστασης, τελεστές και παραστάσεις
40	02-types-operators	Εντολές αντικατάστασης, τελεστές και παραστάσεις
41	02-types-operators	Εντολές αντικατάστασης, τελεστές και παραστάσεις
42	02-types-operators	Εντολές αντικατάστασης, τελεστές και παραστάσεις
43	02-types-operators	Εντολές αντικατάστασης, τελεστές και παραστάσεις
44	02-types-operators	Εντολές αντικατάστασης, τελεστές και παραστάσεις
45	02-types-operators	Εύρεση Μ.Κ.Δ. και Ε.Κ.Π. τυχαίων αριθμών
46	02-types-operators	Εύρεση Μ.Κ.Δ. και Ε.Κ.Π. τυχαίων αριθμών
47	03-control-flow	Η ροή του ελέγχου στην C
48	03-control-flow	Εντολή `if`
49	03-control-flow	Εντολή `if`
50	03-control-flow	Εντολή `if`
51	03-control-flow	Εντολή `switch`
52	03-control-flow	Εντολή `switch`
53	03-control-flow	Εντολές βρόχου `while`
54	03-control-flow	Εντολές βρόχου `while`
55	03-control-flow	Εντολή βρόχου `for`
56	03-control-flow	Εντολή βρόχου `for`
57	03-control-flow	Εντολές `break` και `continue`
58	03-control-flow	Εντολή `goto` και ετικέτες
59	04-functions	Δομή ενός προγράμματος C – Συναρτήσεις
60	04-functions	Δομή ενός προγράμματος C – Συναρτήσεις
61	04-functions	Δομή ενός προγράμματος C – Συναρτήσεις
62	04-functions	Συνάρτηση ύψωσης σε δύναμη
63	04-functions	Συνάρτηση υπολογισμού παραγοντικού
64	04-functions	Εμβέλεια και χρόνος ζωής μεταβλητών
65	04-functions	Εμβέλεια και χρόνος ζωής μεταβλητών
66	04-functions	Εμβέλεια και χρόνος ζωής μεταβλητών
67	04-functions	Εμβέλεια και χρόνος ζωής μεταβλητών
68	04-functions	Εμβέλεια και χρόνος ζωής μεταβλητών
69	04-functions	Εμβέλεια και χρόνος ζωής μεταβλητών
70	04-functions	Υπολογισμός παραγοντικού με αναδρομή
71	04-functions	Μετατροπές μεταξύ δεκαδικών και δυαδικών αριθμών
72	04-functions	Μετατροπές μεταξύ δεκαδικών και δυαδικών αριθμών
73	05-pointers-arrays	Δείκτες
74	05-pointers-arrays	Δείκτες
75	05-pointers-arrays	Δείκτες
76	05-pointers-arrays	Δείκτες
77	05-pointers-arrays	Δείκτες
78	05-pointers-arrays	Δείκτες
79	05-pointers-arrays	Περί ανάγνωσης ακεραίων (και όχι μόνο)
80	05-pointers-arrays	Περί ανάγνωσης ακεραίων (και όχι μόνο)
81	05-pointers-arrays	Πίνακες
82	05-pointers-arrays	Πίνακες
83	05-pointers-arrays	Πίνακες
84	05-pointers-arrays	Πίνακες
85	05-pointers-arrays	Πίνακες
86	05-pointers-arrays	Πίνακες
87	05-pointers-arrays	Ιστόγραμμα συχνοτήτων γραμμάτων στην είσοδο
88	05-pointers-arrays	Ιστόγραμμα συχνοτήτων γραμμάτων στην είσοδο
89	06-memory-strings	Δυναμική δέσμευση μνήμης
90	06-memory-strings	Δυναμική δέσμευση μνήμης
91	06-memory-strings	Δυναμική δέσμευση μνήμης
92	06-memory-strings	Δυναμική δέσμευση μνήμης
93	06-memory-strings	Δυναμική δέσμευση μνήμης
94	06-memory-strings	Συμβολοσειρές
95	06-memory-strings	Συμβολοσειρές
96	06-memory-strings	Συμβολοσειρές
97	06-memory-strings	Συμβολοσειρές
98	06-memory-strings	Πίνακες δεικτών και δείκτες σε δείκτες
99	06-memory-strings	Ορίσματα γραμμής εντολών
100	06-memory-strings	Ορίσματα γραμμής εντολών
101	06-memory-strings	Πολυδιάστατοι πίνακες
102	06-memory-strings	Πολυδιάστατοι πίνακες
103	06-memory-strings	Πολυδιάστατοι πίνακες
104	06-memory-strings	Αρχικοποίηση πινάκων
105	06-memory-strings	Δείκτες σε συναρτήσεις
106	06-memory-strings	Διαχείριση ορισμάτων στη γραμμή εντολής
107	06-memory-strings	Πρόσθεση πολυψήφιων αριθμών
108	06-memory-strings	Πρόσθεση πολυψήφιων αριθμών
109	07-structs	Απαριθμήσεις
110	07-structs	Δομές
111	07-structs	Δομές
112	07-structs	Δομές
113	07-structs	Δομές
114	07-structs	Δομές
115	07-structs	Δομές
116	07-structs	Δομές
117	07-structs	Δομές
118	07-structs	Εύρεση τριγώνων μεγίστου και ελαχίστου εμβαδού
119	07-structs	Εύρεση τριγώνων μεγίστου και ελαχίστου εμβαδού
120	07-structs	Εύρεση τριγώνων μεγίστου και ελαχίστου εμβαδού
121	07-structs	Αυτο-αναφορικές δομές
122	07-structs	Αυτο-αναφορικές δομές
123	07-structs	Αυτο-αναφορικές δομές
124	07-structs	Αυτο-αναφορικές δομές
125	07-structs	Αυτο-αναφορικές δομές
126	07-structs	Αυτο-αναφορικές δομές
127	07-structs	Δημιουργία νέων ονομάτων τύπων
128	07-structs	Ενώσεις και πεδία bit
129	08-lists-trees	Διαχείριση συνδεδεμένων λιστών
130	08-lists-trees	Διαχείριση συνδεδεμένων λιστών
131	08-lists-trees	Διαχείριση συνδεδεμένων λιστών
132	08-lists-trees	Διαχείριση συνδεδεμένων λιστών
133	08-lists-trees	Διαχείριση δυαδικών δέντρων
134	08-lists-trees	Διαχείριση δυαδικών δέντρων
135	08-lists-trees	Διαχείριση δυαδικών δέντρων
136	08-lists-trees	Διαχείριση δυαδικών δέντρων
137	09-io	Είσοδος και έξοδος
138	09-io	Είσοδος και έξοδος
139	09-io	Είσοδος και έξοδος
140	09-io	Είσοδος και έξοδος
141	09-io	Είσοδος και έξοδος
142	09-io	Είσοδος και έξοδος
143	09-io	Είσοδος και έξοδος
144	09-io	Είσοδος και έξοδος
145	09-io	Είσοδος και έξοδος
146	09-io	Είσοδος και έξοδος
147	09-io	Είσοδος και έξοδος
148	09-io	Είσοδος και έξοδος
149	09-io	Είσοδος και έξοδος
150	09-io	Είσοδος και έξοδος
151	09-io	Αντιγραφή αρχείων
152	09-io	Αντιγραφή αρχείων
153	09-io	Εκτύπωση γραμμών εισόδου με αντίστροφη σειρά
154	09-io	Εκτύπωση γραμμών εισόδου με αντίστροφη σειρά
155	10-preprocessor	Ο προεπεξεργαστής της C
156	10-preprocessor	Ο προεπεξεργαστής της C
157	10-preprocessor	Ο προεπεξεργαστής της C
158	10-preprocessor	Ο προεπεξεργαστής της C
159	10-preprocessor	Ο προεπεξεργαστής της C
160	10-preprocessor	Ο προεπεξεργαστής της C
161	11-sorting-searching	Ταξινόμηση πινάκων
162	11-sorting-searching	Ταξινόμηση πινάκων
163	11-sorting-searching	Ταξινόμηση πινάκων
164	11-sorting-searching	Ταξινόμηση πινάκων
165	11-sorting-searching	Ταξινόμηση πινάκων
166	11-sorting-searching	Ταξινόμηση πινάκων
167	11-sorting-searching	Ταξινόμηση πινάκων
168	11-sorting-searching	Μέθοδοι ταξινόμησης
169	11-sorting-searching	Μέθοδοι ταξινόμησης
170	11-sorting-searching	Μέθοδοι ταξινόμησης
171	11-sorting-searching	Μέθοδοι ταξινόμησης
172	11-sorting-searching	Μέθοδοι ταξινόμησης
173	11-sorting-searching	Αναζήτηση σε πίνακες
174	11-sorting-searching	Μέθοδοι αναζήτησης
175	11-sorting-searching	Μέθοδοι αναζήτησης
176	11-sorting-searching	Μέθοδοι αναζήτησης
177	11-sorting-searching	Μέθοδοι αναζήτησης
178	11-sorting-searching	Μέθοδοι αναζήτησης
179	12-good-practice	Ένα πρόγραμμα C πρέπει να είναι …
180	12-good-practice	Συχνά προγραμματιστικά λάθη στην C
181	12-good-practice	Συχνά προγραμματιστικά λάθη στην C
182	12-good-practice	Συχνά προγραμματιστικά λάθη στην C
183	12-good-practice	Συχνά προγραμματιστικά λάθη στην C
184	12-good-practice	Ευχαριστίες ...
